{
    "tasks": [
        {
            "type": "cppbuild",
            "label": "C/C++: g++ build active file",
            "command": "/usr/bin/g++",
            "args": [
                "-fdiagnostics-color=always",
                "-g",
                "${fileDirname}/*.cpp",
                "-o",
                "${fileDirname}/${fileBasenameNoExtension}",
                "-I../include"
                // "./src/*.cpp"
            ],
            "options": {
                "cwd": "${fileDirname}"
            },
            "problemMatcher": [
                "$gcc"
            ],
            "group": {
                "kind": "build",
                "isDefault": true
            },
            "detail": "Task generated by Debugger."
        },
        {
            "type": "cppbuild",
            "label": "C/C++: cpp build active file",
            "command": "/usr/bin/cpp",
            "args": [
                "-fdiagnostics-color=always",
                "-g",
                "${file}",
                "-o",
                "${fileDirname}/${fileBasenameNoExtension}"
            ],
            "options": {
                "cwd": "${fileDirname}"
            },
            "problemMatcher": [
                "$gcc"
            ],
            "group": "build",
            "detail": "compiler: /usr/bin/cpp"
        }
    ],
    "version": "2.0.0"
}